{

    "BTC": {
       "Address": "3BHgsJnTQbyrmPNHbYVZc8kiVd9vkU5yN7",
       "Amount": "0.00095"
      },
    "LTC": {
       "Address": "MH5zJZNYuJAfbMffuWQkksGUh9z97UAapM",
       "Amount": "0.00045"
      },
    "DOGE": {
        "Address": "DMMf4Brez1rN89kWLZ8DzCbmXTGnnCC5dH",
        "Amount": "100.000"
      },
    "BCH": {
        "Address": "qzs4j87ruhgqj95w3n2shfkn3f85rcs6fuq3my9cgp",
        "Amount": "0.0091"
      },
    "ZEC": {
        "Address": "t1bdtiBY1YgwT4YKQSEdS5HWSpkxvXyFGG7",
        "Amount": "0.00935"
    }

}
