{

    "BTC": {
       "Address": "1LfAdkPFG9z8p9HrhKtqDuottrt3K9LFRY",
       "Amount": "0.00095"
      },
    "LTC": {
       "Address": "LQtmqSqbdDWUJohXTADHxCtemcULemK2dV",
       "Amount": "0.00045"
      },
    "DOGE": {
        "Address": "DMMf4Brez1rN89kWLZ8DzCbmXTGnnCC5dH",
        "Amount": "10.000"
      },
    "BCH": {
        "Address": "qqr6r5grsn5wpdftv9t3awuup5dc2xhheqs892q3f2",
        "Amount": "0.0091"
      },
    "ZEC": {
        "Address": "t1Wy3UqFEWfKP8jhd9bMBNKXTY7sM4g4xYB",
        "Amount": "0.00935"
    }

}
